{"probs":{"cyan":0.0001,"yellow":0.003979187165234335,"red":0.003979187165234335,"purple":0.16565192627026598,"blue":0.4822889826623509,"green":0.629},"probOverrides":{},"multipliers":{"2":2,"3":3,"4":4},"playerCount":4}