{"probs":{"cyan":0.0001,"yellow":0.0001,"purple":0.005,"blue":0.20961446512344026,"red":0.0001,"green":0.9439070550282628},"probOverrides":{"ritem_fedf8a85-9ddd-48b9-a651-c59488980381":0.04,"ritem_f038a34c-de4c-42b9-aa5d-0701c77b27c9":0.04,"ritem_23c682a4-42ea-4c1b-9764-b6318e6dec87":0.02},"multipliers":{"2":2,"3":3,"4":4},"playerCount":4}