{"probs":{"cyan":0.0002,"yellow":0.05312391825256346,"red":0.48677514240332725,"purple":0.20288718390161314,"blue":0.5,"green":0.629},"probOverrides":{"ritem_936e95bd-11ee-428c-bb23-77d8f1902f20":0.005},"multipliers":{"2":2,"3":3,"4":4},"playerCount":4}